<?xml version="1.0" encoding="UTF-8" standalone="yes"?>
<list  version="7.2.0" minorVersion="54" exportUser="SAXTHELM" exportDateTime="06/05/2013 08:48 PM" description="null"><standardChoice refId="1@StandardChoiceModel"><name>EMSE_EXECUTE_OPTIONS</name><serviceProviderCode>DOS</serviceProviderCode><auditModel><auditDate>2013-05-15T14:23:31-05:00</auditDate><auditID>SAXTHELM</auditID><auditStatus>A</auditStatus></auditModel><standardChoiceValueModels><standardChoiceValue refId="2@StandardChoiceValueModel"><sequenceNBR>55282</sequenceNBR><serviceProviderCode>DOS</serviceProviderCode><auditModel><auditDate>2013-05-15T14:23:31-05:00</auditDate><auditID>SAXTHELM</auditID><auditStatus>A</auditStatus></auditModel><standardChoiceName>EMSE_EXECUTE_OPTIONS</standardChoiceName><standardChoiceValueI18NModels/><value>SCRIPT</value></standardChoiceValue><standardChoiceValue refId="3@StandardChoiceValueModel"><sequenceNBR>55281</sequenceNBR><serviceProviderCode>DOS</serviceProviderCode><auditModel><auditDate>2013-05-15T14:23:31-05:00</auditDate><auditID>SAXTHELM</auditID><auditStatus>I</auditStatus></auditModel><standardChoiceName>EMSE_EXECUTE_OPTIONS</standardChoiceName><standardChoiceValueI18NModels/><value>STD_CHOICE</value></standardChoiceValue></standardChoiceValueModels><type>SystemSwitch</type><valueSize>0</valueSize></standardChoice>
<standardChoice refId="1@StandardChoiceModel"><name>EMSE_VARIABLE_BRANCH_PREFIX</name><serviceProviderCode>DOS</serviceProviderCode><auditModel><auditDate>2013-05-28T17:08:26-05:00</auditDate><auditID>SAXTHELM</auditID><auditStatus>A</auditStatus></auditModel><standardChoiceValueModels><standardChoiceValue refId="2@StandardChoiceValueModel"><sequenceNBR>55491</sequenceNBR><serviceProviderCode>DOS</serviceProviderCode><auditModel><auditDate>2013-05-28T17:08:26-05:00</auditDate><auditID>SAXTHELM</auditID><auditStatus>A</auditStatus></auditModel><description>PRA</description><standardChoiceName>EMSE_VARIABLE_BRANCH_PREFIX</standardChoiceName><standardChoiceValueI18NModels/><value>PaymentReceiveAfter</value></standardChoiceValue><standardChoiceValue refId="3@StandardChoiceValueModel"><sequenceNBR>55492</sequenceNBR><serviceProviderCode>DOS</serviceProviderCode><auditModel><auditDate>2013-05-28T17:08:26-05:00</auditDate><auditID>SAXTHELM</auditID><auditStatus>A</auditStatus></auditModel><description>RIUA</description><standardChoiceName>EMSE_VARIABLE_BRANCH_PREFIX</standardChoiceName><standardChoiceValueI18NModels/><value>RenewalInfoUpdateAfter</value></standardChoiceValue><standardChoiceValue refId="4@StandardChoiceValueModel"><sequenceNBR>55493</sequenceNBR><serviceProviderCode>DOS</serviceProviderCode><auditModel><auditDate>2013-05-28T17:08:26-05:00</auditDate><auditID>SAXTHELM</auditID><auditStatus>A</auditStatus></auditModel><description>WTUA</description><standardChoiceName>EMSE_VARIABLE_BRANCH_PREFIX</standardChoiceName><standardChoiceValueI18NModels/><value>WorkflowAdhocTaskUpdateAfter</value></standardChoiceValue><standardChoiceValue refId="5@StandardChoiceValueModel"><sequenceNBR>55482</sequenceNBR><serviceProviderCode>DOS</serviceProviderCode><auditModel><auditDate>2013-05-28T17:08:26-05:00</auditDate><auditID>SAXTHELM</auditID><auditStatus>A</auditStatus></auditModel><description>EUA</description><standardChoiceName>EMSE_VARIABLE_BRANCH_PREFIX</standardChoiceName><standardChoiceValueI18NModels/><value>ExaminationUpdateAfter</value></standardChoiceValue><standardChoiceValue refId="6@StandardChoiceValueModel"><sequenceNBR>55483</sequenceNBR><serviceProviderCode>DOS</serviceProviderCode><auditModel><auditDate>2013-05-28T17:08:26-05:00</auditDate><auditID>SAXTHELM</auditID><auditStatus>A</auditStatus></auditModel><description>EUB</description><standardChoiceName>EMSE_VARIABLE_BRANCH_PREFIX</standardChoiceName><standardChoiceValueI18NModels/><value>ExaminationUpdateBefore</value></standardChoiceValue><standardChoiceValue refId="7@StandardChoiceValueModel"><sequenceNBR>55485</sequenceNBR><serviceProviderCode>DOS</serviceProviderCode><auditModel><auditDate>2013-05-28T17:08:26-05:00</auditDate><auditID>SAXTHELM</auditID><auditStatus>A</auditStatus></auditModel><description>IRSA</description><standardChoiceName>EMSE_VARIABLE_BRANCH_PREFIX</standardChoiceName><standardChoiceValueI18NModels/><value>InspectionResultModifyAfter</value></standardChoiceValue><standardChoiceValue refId="8@StandardChoiceValueModel"><sequenceNBR>55486</sequenceNBR><serviceProviderCode>DOS</serviceProviderCode><auditModel><auditDate>2013-05-28T17:08:26-05:00</auditDate><auditID>SAXTHELM</auditID><auditStatus>A</auditStatus></auditModel><description>IRSA</description><standardChoiceName>EMSE_VARIABLE_BRANCH_PREFIX</standardChoiceName><standardChoiceValueI18NModels/><value>InspectionResultSubmitAfter</value></standardChoiceValue><standardChoiceValue refId="9@StandardChoiceValueModel"><sequenceNBR>55487</sequenceNBR><serviceProviderCode>DOS</serviceProviderCode><auditModel><auditDate>2013-05-28T17:08:26-05:00</auditDate><auditID>SAXTHELM</auditID><auditStatus>A</auditStatus></auditModel><description>IRSA</description><standardChoiceName>EMSE_VARIABLE_BRANCH_PREFIX</standardChoiceName><standardChoiceValueI18NModels/><value>V360InspectionResultSubmitAfter</value></standardChoiceValue><standardChoiceValue refId="10@StandardChoiceValueModel"><sequenceNBR>55452</sequenceNBR><serviceProviderCode>DOS</serviceProviderCode><auditModel><auditDate>2013-05-28T17:08:27-05:00</auditDate><auditID>SAXTHELM</auditID><auditStatus>A</auditStatus></auditModel><description>WTUA</description><standardChoiceName>EMSE_VARIABLE_BRANCH_PREFIX</standardChoiceName><standardChoiceValueI18NModels/><value>WorkflowTaskUpdateAfter</value></standardChoiceValue><standardChoiceValue refId="11@StandardChoiceValueModel"><sequenceNBR>55462</sequenceNBR><serviceProviderCode>DOS</serviceProviderCode><auditModel><auditDate>2013-05-28T17:08:26-05:00</auditDate><auditID>SAXTHELM</auditID><auditStatus>A</auditStatus></auditModel><description>ACAA</description><standardChoiceName>EMSE_VARIABLE_BRANCH_PREFIX</standardChoiceName><standardChoiceValueI18NModels/><value>ApplicationConditionAddAfter</value></standardChoiceValue><standardChoiceValue refId="12@StandardChoiceValueModel"><sequenceNBR>55463</sequenceNBR><serviceProviderCode>DOS</serviceProviderCode><auditModel><auditDate>2013-05-28T17:08:26-05:00</auditDate><auditID>SAXTHELM</auditID><auditStatus>A</auditStatus></auditModel><description>ACDA</description><standardChoiceName>EMSE_VARIABLE_BRANCH_PREFIX</standardChoiceName><standardChoiceValueI18NModels/><value>ApplicationConditionDeleteAfter</value></standardChoiceValue><standardChoiceValue refId="13@StandardChoiceValueModel"><sequenceNBR>55464</sequenceNBR><serviceProviderCode>DOS</serviceProviderCode><auditModel><auditDate>2013-05-28T17:08:26-05:00</auditDate><auditID>SAXTHELM</auditID><auditStatus>A</auditStatus></auditModel><description>ACUA</description><standardChoiceName>EMSE_VARIABLE_BRANCH_PREFIX</standardChoiceName><standardChoiceValueI18NModels/><value>ApplicationConditionOfApprovalUpdateAfter</value></standardChoiceValue><standardChoiceValue refId="14@StandardChoiceValueModel"><sequenceNBR>55465</sequenceNBR><serviceProviderCode>DOS</serviceProviderCode><auditModel><auditDate>2013-05-28T17:08:26-05:00</auditDate><auditID>SAXTHELM</auditID><auditStatus>A</auditStatus></auditModel><description>ACUA</description><standardChoiceName>EMSE_VARIABLE_BRANCH_PREFIX</standardChoiceName><standardChoiceValueI18NModels/><value>ApplicationConditionUpdateAfter</value></standardChoiceValue><standardChoiceValue refId="15@StandardChoiceValueModel"><sequenceNBR>55466</sequenceNBR><serviceProviderCode>DOS</serviceProviderCode><auditModel><auditDate>2013-05-28T17:08:26-05:00</auditDate><auditID>SAXTHELM</auditID><auditStatus>A</auditStatus></auditModel><description>ADUA</description><standardChoiceName>EMSE_VARIABLE_BRANCH_PREFIX</standardChoiceName><standardChoiceValueI18NModels/><value>ApplicationDetailUpdateAfter</value></standardChoiceValue><standardChoiceValue refId="16@StandardChoiceValueModel"><sequenceNBR>55467</sequenceNBR><serviceProviderCode>DOS</serviceProviderCode><auditModel><auditDate>2013-05-28T17:08:26-05:00</auditDate><auditID>SAXTHELM</auditID><auditStatus>A</auditStatus></auditModel><description>ASIUA</description><standardChoiceName>EMSE_VARIABLE_BRANCH_PREFIX</standardChoiceName><standardChoiceValueI18NModels/><value>ApplicationSpecificInfoUpdateAfter</value></standardChoiceValue><standardChoiceValue refId="17@StandardChoiceValueModel"><sequenceNBR>55468</sequenceNBR><serviceProviderCode>DOS</serviceProviderCode><auditModel><auditDate>2013-05-28T17:08:26-05:00</auditDate><auditID>SAXTHELM</auditID><auditStatus>A</auditStatus></auditModel><description>ASUA</description><standardChoiceName>EMSE_VARIABLE_BRANCH_PREFIX</standardChoiceName><standardChoiceValueI18NModels/><value>ApplicationStatusUpdateAfter</value></standardChoiceValue><standardChoiceValue refId="18@StandardChoiceValueModel"><sequenceNBR>55481</sequenceNBR><serviceProviderCode>DOS</serviceProviderCode><auditModel><auditDate>2013-05-28T17:08:26-05:00</auditDate><auditID>SAXTHELM</auditID><auditStatus>A</auditStatus></auditModel><description>DUA</description><standardChoiceName>EMSE_VARIABLE_BRANCH_PREFIX</standardChoiceName><standardChoiceValueI18NModels/><value>DocumentUploadAfter</value></standardChoiceValue><standardChoiceValue refId="19@StandardChoiceValueModel"><sequenceNBR>56141</sequenceNBR><serviceProviderCode>DOS</serviceProviderCode><auditModel><auditDate>2013-05-28T17:08:26-05:00</auditDate><auditID>SAXTHELM</auditID><auditStatus>A</auditStatus></auditModel><description>ASB</description><standardChoiceName>EMSE_VARIABLE_BRANCH_PREFIX</standardChoiceName><standardChoiceValueI18NModels/><value>ApplicationSubmitBefore</value></standardChoiceValue><standardChoiceValue refId="20@StandardChoiceValueModel"><sequenceNBR>55283</sequenceNBR><serviceProviderCode>DOS</serviceProviderCode><auditModel><auditDate>2013-05-28T17:08:26-05:00</auditDate><auditID>SAXTHELM</auditID><auditStatus>A</auditStatus></auditModel><description>ASA</description><standardChoiceName>EMSE_VARIABLE_BRANCH_PREFIX</standardChoiceName><standardChoiceValueI18NModels/><value>ApplicationSubmitAfter</value></standardChoiceValue><standardChoiceValue refId="21@StandardChoiceValueModel"><sequenceNBR>55410</sequenceNBR><serviceProviderCode>DOS</serviceProviderCode><auditModel><auditDate>2013-05-28T17:08:26-05:00</auditDate><auditID>SAXTHELM</auditID><auditStatus>A</auditStatus></auditModel><description>CRCA</description><standardChoiceName>EMSE_VARIABLE_BRANCH_PREFIX</standardChoiceName><standardChoiceValueI18NModels/><value>ConvertToRealCAPAfter</value></standardChoiceValue><standardChoiceValue refId="22@StandardChoiceValueModel"><sequenceNBR>56176</sequenceNBR><serviceProviderCode>DOS</serviceProviderCode><auditModel><auditDate>2013-05-28T20:29:36-05:00</auditDate><auditID>SAXTHELM</auditID><auditStatus>A</auditStatus></auditModel><description>WTUB</description><standardChoiceName>EMSE_VARIABLE_BRANCH_PREFIX</standardChoiceName><standardChoiceValueI18NModels/><value>WorkflowTaskUpdateBefore</value></standardChoiceValue></standardChoiceValueModels><type>SystemSwitch</type><valueSize>0</valueSize></standardChoice>
</list>